{"data":[{"id":"MDU6SXNzdWU3MDUxNjY2NDM=","closed":false,"title":"Getting zip not found error on termux","createdAt":"2020-09-20T19:08:40Z","url":"https://github.com/VDavid003/sm64-port-android-base/issues/27","number":27,"assignees":{"nodes":[]},"repository":{"name":"sm64-port-android-base","url":"https://github.com/VDavid003/sm64-port-android-base","owner":{"login":"VDavid003","avatarUrl":"https://avatars0.githubusercontent.com/u/19889065?v=4","url":"https://github.com/VDavid003"}}},{"id":"MDU6SXNzdWU3MDUxNTA5OTI=","closed":true,"title":"Letters like 'g' 'j' 'p' are getting cropped in half in the project card","createdAt":"2020-09-20T17:33:55Z","url":"https://github.com/ashutosh1919/masterPortfolio/issues/83","number":83,"assignees":{"nodes":[]},"repository":{"name":"masterPortfolio","url":"https://github.com/ashutosh1919/masterPortfolio","owner":{"login":"ashutosh1919","avatarUrl":"https://avatars1.githubusercontent.com/u/20843596?u=7f184b911f73ae1dc5765ab686fff2b2e984830f&v=4","url":"https://github.com/ashutosh1919"}}},{"id":"MDU6SXNzdWU3MDQwOTY3MjQ=","closed":false,"title":"Github token vulnerability in github_data_fetcher.js","createdAt":"2020-09-18T05:28:19Z","url":"https://github.com/ashutosh1919/masterPortfolio/issues/81","number":81,"assignees":{"nodes":[]},"repository":{"name":"masterPortfolio","url":"https://github.com/ashutosh1919/masterPortfolio","owner":{"login":"ashutosh1919","avatarUrl":"https://avatars1.githubusercontent.com/u/20843596?u=7f184b911f73ae1dc5765ab686fff2b2e984830f&v=4","url":"https://github.com/ashutosh1919"}}},{"id":"MDU6SXNzdWU3MDM1OTI1MzY=","closed":false,"title":"Adding skill set with progress bar","createdAt":"2020-09-17T13:31:55Z","url":"https://github.com/ashutosh1919/masterPortfolio/issues/79","number":79,"assignees":{"nodes":[]},"repository":{"name":"masterPortfolio","url":"https://github.com/ashutosh1919/masterPortfolio","owner":{"login":"ashutosh1919","avatarUrl":"https://avatars1.githubusercontent.com/u/20843596?u=7f184b911f73ae1dc5765ab686fff2b2e984830f&v=4","url":"https://github.com/ashutosh1919"}}},{"id":"MDU6SXNzdWU3MDM1ODYxMzI=","closed":false,"title":"Docker commands result in error","createdAt":"2020-09-17T13:24:57Z","url":"https://github.com/saadpasta/developerFolio/issues/248","number":248,"assignees":{"nodes":[]},"repository":{"name":"developerFolio","url":"https://github.com/saadpasta/developerFolio","owner":{"login":"saadpasta","avatarUrl":"https://avatars2.githubusercontent.com/u/23307811?u=eab46b153eef3f5183930e61898b462447af9219&v=4","url":"https://github.com/saadpasta"}}}],"open":4,"closed":1,"totalCount":5}